"","Change Size","Annual change","Uniform Change across Intervals","Interval Behavior"
"2002_2006",144920518,0.100115763031274,0.105794098661933,Slow
"2006_2010",190895252,0.131876590539287,0.105794098661933,Fast
"2010_2014",205829288,0.142193503768071,0.105794098661933,Fast
"2014_2018",110837362,0.0765700207406346,0.105794098661933,Slow
"2018_2022",113217961,0.0782146152303983,0.105794098661933,Slow
