{"ndvi": [-0.26576218, 0.78445494], "msavi": [-3.4280078, 0.87920874], "albedo": [0.14249243, 4.3609], "tgsi": [-0.70279425, 0.58798635]}