{"x_axis": "msavi", "y_axis": "tgsi", "slope": 1.1174948396503068, "classes-limits": [-0.04605096462096858, 0.2780075412258134, 0.31303463428030853, 0.3541880487551281, 0.4045532866915581, 0.5228854768865944], "x-axis-limits": [-3.4280078, 0.87920874], "y-axis-limits": [-0.70279425, 0.58798635]}